figure_id,figure_number,page,caption_chunk,caption_text,file,saved_ext,bbox,width_px,height_px,anchor,anchor_y0
fig_0001,1,7,ch0006,Рисунок 1 — Функциональная структура Maxbot,data\images\fig_0001.png,png,"(34.70000076293945, 85.0, 807.1500244140625, 484.6300048828125)",3220,1666,caption,496.67523193359375
fig_0002,2,8,ch0009,Рисунок 2 — Пример разработки сценария рассылки в конструкторе,data\images\fig_0002.png,png,"(55.91999816894531, 171.59999084472656, 576.5399780273438, 312.29998779296875)",2170,587,caption,313.46319580078125
fig_0003,3,9,ch0037,Рисунок 3 — Окно авторизации консоли маркетолога,data\images\fig_0003.png,png,"(199.1999969482422, 534.9599609375, 424.1400146484375, 780.7799682617188)",938,1025,caption,782.0831909179688
fig_0004,4,10,ch0040,Рисунок 4 — Выбор языка консоли маркетолога,data\images\fig_0004.png,png,"(202.32000732421875, 130.7999725341797, 421.739990234375, 293.3399658203125)",915,678,caption,293.783203125
fig_0005,5,10,ch0041,Рисунок 5 — Ввод имени,data\images\fig_0005.png,png,"(202.32000732421875, 319.199951171875, 421.5, 480.77996826171875)",914,674,caption,481.9831848144531
fig_0006,6,10,ch0043,Рисунок 6 — Все готово к использованию консоли маркетолога,data\images\fig_0006.png,png,"(201.60000610351562, 552.239990234375, 421.260009765625, 723.4199829101562)",916,714,caption,724.2232055664062
fig_0007,7,11,ch0049,Рисунок 7 — Интерфейс консоли управления после авторизации маркетолога,data\images\fig_0007.png,png,"(55.91999816894531, 115.43998718261719, 576.5399780273438, 352.1399841308594)",2170,987,caption,353.08319091796875
fig_0008,8,11,ch0052,Рисунок 8 — Пример структуры каталогов для рассылок,data\images\fig_0008.png,png,"(221.75999450683594, 498.9599914550781, 401.0999755859375, 754.8599853515625)",748,1067,caption,756.4031982421875
fig_0009,9,12,ch0054,Рисунок 9 — Отображение кнопки для просмотра структуры каталогов рассылок в мобильной версии,data\images\fig_0009.png,png,"(185.75999450683594, 89.99996948242188, 437.3399963378906, 348.77996826171875)",1049,1079,caption,350.44317626953125
fig_0010,10,12,ch0056,Рисунок 10 — Контекстное меню,data\images\fig_0010.png,png,"(237.60000610351562, 468.239990234375, 386.46002197265625, 638.219970703125)",621,709,caption,638.51318359375
fig_0011,11,13,ch0059,Рисунок 11— Меню для перехода в консоль оператора или администратора,data\images\fig_0011.png,png,"(237.60000610351562, 43.19995880126953, 386.2200012207031, 122.4599609375)",620,331,caption,126.93316650390625
fig_0012,12,13,ch0061,Рисунок 12 — Переход к созданию рассылки,data\images\fig_0012.png,png,"(63.599998474121094, 197.27996826171875, 559.5, 415.4999694824219)",2067,910,caption,417.1631774902344
fig_0013,13,13,ch0063,Рисунок 13 — Ввод названия и выбор типа рассылки,data\images\fig_0013.png,png,"(204.47999572753906, 487.4399719238281, 419.3399963378906, 683.0999755859375)",896,816,caption,684.8632202148438
fig_0014,14,14,ch0089,Рисунок 14 — Интерфейс настройки рассылки (открыт конструктор рассылки),data\images\fig_0014.png,png,"(55.91999816894531, 361.43994140625, 576.5399780273438, 602.699951171875)",2170,1006,caption,603.9531860351562
fig_0015,15,15,ch0092,Рисунок 15 — Расположение кнопок запуска / остановки в списке рассылок,data\images\fig_0015.png,png,"(55.91999816894531, 43.19996643066406, 576.5399780273438, 201.89996337890625)",2170,662,caption,203.033203125
fig_0016,16,15,ch0106,Рисунок 16 — Расположение кнопок меню в списке рассылок,data\images\fig_0016.png,png,"(221.75999450683594, 430.8000183105469, 401.3399963378906, 655.02001953125)",749,935,caption,655.3131713867188
fig_0017,17,16,ch0110,Рисунок 17 — Расположение кнопок запуска / остановки в списке рассылок,data\images\fig_0017.png,png,"(55.91999816894531, 43.19996643066406, 576.5399780273438, 201.89996337890625)",2170,662,caption,203.033203125
fig_0018,18,16,ch0112,"Рисунок 18 - Фильтры, применяемые в каталоге рассылок",data\images\fig_0018.png,png,"(180.47999572753906, 302.15997314453125, 443.3399658203125, 445.01995849609375)",1096,596,caption,448.8631896972656
fig_0019,19,17,ch0122,Рисунок 19 — Создан сценарий простейшей рассылки,data\images\fig_0019.png,png,"(55.91999816894531, 43.199981689453125, 576.5399780273438, 276.29998779296875)",2170,972,caption,278.18316650390625
fig_0020,20,18,ch0139,Рисунок 20 — Ввод текстового сообщения для отправки,data\images\fig_0020.png,png,"(185.0399932861328, 43.199981689453125, 438.7799987792969, 179.0999755859375)",1058,567,caption,180.45318603515625
fig_0021,21,19,ch0157,Рисунок 21 — Переход к добавлению медиа-контента,data\images\fig_0021.png,png,"(206.16000366210938, 228.239990234375, 416.94000244140625, 418.8599853515625)",879,795,caption,419.56317138671875
fig_0022,22,19,ch0160,Рисунок 22 — Добавление медиа-контента,data\images\fig_0022.png,png,"(186.47999572753906, 494.3999938964844, 436.6199951171875, 633.1799926757812)",1043,579,caption,634.6731567382812
fig_0023,23,20,ch0171,Рисунок 23 — Добавление медиа группы,data\images\fig_0023.png,png,"(228.47999572753906, 223.91998291015625, 412.3800048828125, 390.29998779296875)",767,694,caption,394.6031799316406
fig_0024,24,20,ch0173,Рисунок 24 — Редактор медиа групп,data\images\fig_0024.png,png,"(129.60000610351562, 458.8800048828125, 515.0999755859375, 711.1799926757812)",1607,1052,caption,715.3432006835938
fig_0025,25,21,ch0187,Рисунок 25 — Взаимодействие с элементами в правой панели,data\images\fig_0025.png,png,"(132.72000122070312, 277.44000244140625, 511.739990234375, 525.4199829101562)",1580,1034,caption,529.2931518554688
fig_0026,26,22,ch0198,Рисунок 26 — Создание события для отправки изображений в медиа группе,data\images\fig_0026.png,png,"(185.27999877929688, 43.19999694824219, 495.4200134277344, 294.05999755859375)",1293,1046,caption,298.10321044921875
fig_0027,27,22,ch0204,Рисунок 27 — Использование макросов с изображениями,data\images\fig_0027.png,png,"(135.60000610351562, 403.20001220703125, 508.8600158691406, 649.260009765625)",1556,1026,caption,660.1132202148438
fig_0028,28,23,ch0210,Рисунок 28 — Генерация события с аргументами,data\images\fig_0028.png,png,"(142.55999755859375, 84.0, 502.1399841308594, 294.05999755859375)",1499,876,caption,298.34320068359375
fig_0029,29,23,ch0212,Рисунок 29 — Создания аргументов события для медиа группы,data\images\fig_0029.png,png,"(132.0, 397.44000244140625, 512.219970703125, 676.1400146484375)",1585,1162,caption,680.783203125
fig_0030,30,24,ch0215,Рисунок 30 — Создания медиа группы с разными типами,data\images\fig_0030.png,png,"(134.8800048828125, 43.19999694824219, 510.05999755859375, 289.5)",1564,1027,caption,293.543212890625
fig_0031,31,24,ch0219,Рисунок 31 — Генерация события для медиа группы с типами медиа,data\images\fig_0031.png,png,"(137.27999877929688, 375.1199951171875, 508.3800048828125, 559.260009765625)",1547,768,caption,564.0932006835938
fig_0032,32,25,ch0233,Рисунок 32 — Переход к добавлению кнопки-действия,data\images\fig_0032.png,png,"(206.16000366210938, 43.19996643066406, 417.6600036621094, 234.77996826171875)",882,799,caption,236.1531982421875
fig_0033,33,25,ch0237,Рисунок 33 — Добавление кнопки-действия,data\images\fig_0033.png,png,"(203.75999450683594, 323.760009765625, 419.58001708984375, 559.739990234375)",900,984,caption,560.01318359375
fig_0034,34,26,ch0244,Рисунок 34 — Второй блок выполняется сразу при нажатии на кнопку,data\images\fig_0034.png,png,"(55.91999816894531, 43.199951171875, 576.5399780273438, 221.5799560546875)",2170,744,caption,222.47320556640625
fig_0035,35,26,ch0246,Рисунок 35 — Пример возврата,data\images\fig_0035.png,png,"(55.91999816894531, 345.11993408203125, 576.5399780273438, 566.699951171875)",2170,924,caption,567.9331665039062
fig_0036,36,27,ch0250,Рисунок 36 — В блок добавлено две кнопки-действия,data\images\fig_0036.png,png,"(172.32000732421875, 43.199951171875, 450.5400085449219, 293.5799560546875)",1160,1044,caption,294.503173828125
fig_0037,37,27,ch0254,"Рисунок 37 - Текст с кнопкой, который обрежется в некоторых мессенджерах",data\images\fig_0037.png,png,"(151.1999969482422, 517.9200439453125, 471.9000244140625, 679.260009765625)",1337,673,caption,684.3831787109375
fig_0038,38,28,ch0257,Рисунок 38 - Добавлено отдельное сообщение,data\images\fig_0038.png,png,"(154.32000732421875, 43.20001220703125, 469.7400207519531, 245.82000732421875)",1315,845,caption,250.07318115234375
fig_0039,39,28,ch0260,Рисунок 39 — Переход к добавлению кнопки-ссылки,data\images\fig_0039.png,png,"(212.16000366210938, 361.20001220703125, 410.94000244140625, 541.02001953125)",829,750,caption,542.01318359375
fig_0040,40,28,ch0262,Рисунок 40 — Создание кнопки-ссылки,data\images\fig_0040.png,png,"(197.75999450683594, 594.719970703125, 425.3399963378906, 775.5)",949,754,caption,777.283203125
fig_0041,41,29,ch0269,Рисунок 41 — Отправка конфиденциальной информации при помощи тега <security></security>,data\images\fig_0041.png,png,"(119.04000091552734, 325.44000244140625, 505.02001953125, 460.1400146484375)",1609,562,caption,461.3431701660156
fig_0042,42,29,ch0271,Рисунок 42 — Отображение содержимого тега <security> для клиента и для оператора,data\images\fig_0042.png,png,"(119.04000091552734, 531.5999755859375, 504.7799987792969, 615.6599731445312)",1608,351,caption,616.4331665039062
fig_0043,43,30,ch0276,Рисунок 43 — Использование значения макроса в качестве конфиденциальной информации,data\images\fig_0043.png,png,"(120.4800033569336, 43.19999694824219, 503.1000061035156, 162.05999755859375)",1595,496,caption,162.45318603515625
fig_0044,44,30,ch0282,Рисунок 44 — Выбор действия,data\images\fig_0044.png,png,"(138.47999572753906, 368.63995361328125, 484.6199951171875, 662.699951171875)",1443,1226,caption,663.4732055664062
fig_0045,45,31,ch0295,Рисунок 45 — Настройка действия перевода в канал,data\images\fig_0045.png,png,"(176.8800048828125, 323.0400085449219, 446.70001220703125, 772.1400146484375)",1125,1872,caption,773.9231567382812
fig_0046,46,32,ch0303,Рисунок 46 — Пример рассылки с переводом в канал,data\images\fig_0046.png,png,"(55.91999816894531, 356.8800048828125, 576.5399780273438, 517.5)",2170,670,caption,518.253173828125
fig_0047,47,32,ch0305,Рисунок 47 — Клиент переведен в канал без сообщения,data\images\fig_0047.png,png,"(74.87999725341797, 576.239990234375, 547.97998046875, 765.6599731445312)",1972,790,caption,766.2431640625
fig_0048,48,33,ch0307,Рисунок 48 — Ввод условия перевода клиента в канал только при наличии от него сообщения,data\images\fig_0048.png,png,"(178.32000732421875, 90.0, 444.7799987792969, 267.17999267578125)",1111,739,caption,267.83319091796875
fig_0049,49,33,ch0309,Рисунок 49 — Клиент переведен в канал после отправки им сообщения,data\images\fig_0049.png,png,"(89.76000213623047, 338.15997314453125, 534.0599975585938, 597.4199829101562)",1852,1081,caption,598.4331665039062
fig_0050,50,34,ch0314,Рисунок 50 — Выбор действия,data\images\fig_0050.png,png,"(161.0399932861328, 43.199981689453125, 462.53997802734375, 300.77996826171875)",1257,1074,caption,302.18316650390625
fig_0051,51,34,ch0317,Рисунок 51 — Пример использования события отмены отправки запланированных сообщений,data\images\fig_0051.png,png,"(55.91999816894531, 447.8399658203125, 573.6599731445312, 686.219970703125)",2158,994,caption,687.26318359375
fig_0052,52,35,ch0324,Рисунок 52 — Выбор действия,data\images\fig_0052.png,png,"(138.47999572753906, 189.11996459960938, 484.3800048828125, 485.0999755859375)",1442,1234,caption,485.3431701660156
fig_0053,53,35,ch0326,Рисунок 53 — Использование действия отмены работы уже отправленных в рассылку кнопок,data\images\fig_0053.png,png,"(55.91999816894531, 573.1199951171875, 575.3399658203125, 751.5)",2165,744,caption,752.5631713867188
fig_0054,54,36,ch0333,Рисунок 54 — Выбор действия,data\images\fig_0054.png,png,"(134.8800048828125, 290.6399841308594, 487.9800109863281, 591.4199829101562)",1472,1254,caption,593.1531982421875
fig_0055,55,37,ch0340,Рисунок 55 — Ввод параметров запроса к внешней системе,data\images\fig_0055.png,png,"(162.47999572753906, 43.199981689453125, 461.3399658203125, 435.65997314453125)",1246,1636,caption,437.1031799316406
fig_0056,56,38,ch0350,Рисунок 56 — Выбор действия «Сгенерировать событие,data\images\fig_0056.png,png,"(148.32000732421875, 90.0, 475.7400207519531, 370.6199951171875)",1365,1170,caption,371.32318115234375
fig_0057,57,38,ch0356,"Рисунок 57 — Рассылка, в сценарии которой генерируется событие для клиента",data\images\fig_0057.png,png,"(55.91999816894531, 531.1199951171875, 576.5399780273438, 696.2999877929688)",2170,689,caption,697.1032104492188
fig_0058,58,39,ch0362,Рисунок 58 — Событие «Создание промокода для клиента» и его аргументы,data\images\fig_0058.png,png,"(66.4800033569336, 98.15997314453125, 556.3800048828125, 434.219970703125)",2042,1401,caption,434.94317626953125
fig_0059,59,40,ch0373,Рисунок 59 — Ввод аргументов для события,data\images\fig_0059.png,png,"(152.16000366210938, 43.199981689453125, 471.8999938964844, 347.1000061035156)",1333,1267,caption,348.503173828125
fig_0060,60,40,ch0375,"Рисунок 60 — Вторая рассылка, запускаемая по сгенерированному событию и использующая значения аргументов события",data\images\fig_0060.png,png,"(122.16000366210938, 418.79998779296875, 501.17999267578125, 570.2999877929688)",1580,632,caption,571.2931518554688
fig_0061,61,41,ch0380,Рисунок 61 — Определение условий начала второй рассылки,data\images\fig_0061.png,png,"(101.04000091552734, 43.199981689453125, 522.0599975585938, 341.8199768066406)",1755,1245,caption,342.503173828125
fig_0062,62,41,ch0382,Рисунок 62 — После нажатия на кнопку «Получить промокод» для клиента выполнилась вторая рассылка,data\images\fig_0062.png,png,"(191.75999450683594, 430.3199462890625, 431.0999755859375, 671.8199462890625)",998,1007,caption,672.6231689453125
fig_0063,63,42,ch0387,Рисунок 63 — Выбор действия «Сгенерировать intent»,data\images\fig_0063.png,png,"(143.75999450683594, 113.51998901367188, 480.29998779296875, 398.6999816894531)",1403,1189,caption,399.4031982421875
fig_0064,64,42,ch0391,Рисунок 64 — Ввод параметров интента,data\images\fig_0064.png,png,"(172.32000732421875, 591.3599853515625, 451.260009765625, 781.5)",1163,793,caption,782.8031616210938
fig_0065,65,43,ch0399,Рисунок 65 — Добавления блока-комментария,data\images\fig_0065.png,png,"(188.16000366210938, 377.03997802734375, 435.17999267578125, 539.3399658203125)",1030,677,caption,539.8532104492188
fig_0066,66,44,ch0407,Рисунок 66 — Добавления блока «SMS-сообщения»,data\images\fig_0066.png,png,"(187.1999969482422, 43.19999694824219, 436.1400146484375, 206.94000244140625)",1038,683,caption,207.59320068359375
fig_0067,67,44,ch0419,Рисунок 67 — Добавления блока «Форма»,data\images\fig_0067.png,png,"(188.8800048828125, 483.1199951171875, 435.17999267578125, 645.1799926757812)",1027,676,caption,645.9531860351562
fig_0068,68,45,ch0425,Рисунок 68 — Связь исходит из события Start,data\images\fig_0068.png,png,"(187.1999969482422, 95.9999771118164, 435.6600036621094, 203.0999755859375)",1036,447,caption,203.273193359375
fig_0069,69,45,ch0427,Рисунок 69 — Связь исходит из кнопки «Узнать подробности»,data\images\fig_0069.png,png,"(59.040000915527344, 256.32000732421875, 564.5399780273438, 441.9000244140625)",2107,774,caption,443.1031799316406
fig_0070,70,46,ch0431,Рисунок 70 — Связь исходит из блока с сообщением,data\images\fig_0070.png,png,"(60.47999954223633, 43.19999694824219, 563.0999755859375, 195.17999267578125)",2095,634,caption,195.59320068359375
fig_0071,71,46,ch0436,Рисунок 71 — Вызов функции дублирования блока,data\images\fig_0071.png,png,"(194.16000366210938, 411.5999755859375, 429.41998291015625, 572.4599609375)",981,671,caption,572.9732055664062
fig_0072,72,47,ch0440,Рисунок 72 — Определение местоположения сообщения,data\images\fig_0072.png,png,"(188.8800048828125, 43.199981689453125, 434.2200012207031, 335.5799865722656)",1023,1219,caption,336.503173828125
fig_0073,73,47,ch0443,Рисунок 73 — Удаление сообщения из блока,data\images\fig_0073.png,png,"(220.32000732421875, 448.3199768066406, 402.5400085449219, 663.6599731445312)",760,898,caption,665.1531982421875
fig_0074,74,48,ch0448,Рисунок 74 — Ошибка при одновременном редактировании сценария в разных вкладках браузера,data\images\fig_0074.png,png,"(162.47999572753906, 262.5599670410156, 460.6199951171875, 341.0999755859375)",1243,328,caption,341.5431823730469
fig_0075,75,49,ch0457,Рисунок 75 — Настройки условий начала рассылки,data\images\fig_0075.png,png,"(55.91999816894531, 43.20001220703125, 576.5399780273438, 329.82000732421875)",2170,1195,caption,330.503173828125
fig_0076,76,51,ch0495,Рисунок 76 — Ввод дополнительных настроек для условия «Начинать в заданное время и отправлять равномерно»,data\images\fig_0076.png,png,"(110.16000366210938, 162.239990234375, 512.9400024414062, 663.4199829101562)",1679,2089,caption,664.1931762695312
fig_0077,77,52,ch0505,Рисунок 77 – Основные настройки равномерной рассылки с аудиторией из внешней системы,data\images\fig_0077.png,png,"(55.91999816894531, 326.8800048828125, 576.2999877929688, 532.6199951171875)",2169,858,caption,536.7332153320312
fig_0078,78,54,ch0542,Рисунок 78 – параметры авторизации внешнего REST-сервиса,data\images\fig_0078.png,png,"(72.4800033569336, 84.0, 550.8599853515625, 220.3800048828125)",1994,569,caption,224.8731689453125
fig_0079,79,54,ch0550,Рисунок 79 – Успешное выполнение тестового запроса на загрузку аудитории рассылки,data\images\fig_0079.png,png,"(55.91999816894531, 453.3599853515625, 576.5399780273438, 706.6199951171875)",2170,1056,caption,711.26318359375
fig_0080,80,55,ch0552,Рисунок 80 – Выполнение тестового запроса завершилось ошибкой. Формат данных в ответе внешнего REST-сервиса не соответствует требуемому.,data\images\fig_0080.png,png,"(55.91999816894531, 83.99996948242188, 576.5399780273438, 231.89996337890625)",2170,617,caption,236.8731689453125
fig_0081,81,55,ch0556,Рисунок 81 – Загрузка журнала запросов аудитории рассылки,data\images\fig_0081.png,png,"(55.91999816894531, 473.03997802734375, 576.5399780273438, 606.0599975585938)",2170,555,caption,610.9131469726562
fig_0082,82,57,ch0578,"Рисунок 82 — Настройка рассылки, которая начинается по ключевым словам",data\images\fig_0082.png,png,"(107.04000091552734, 43.19999694824219, 516.2999877929688, 290.94000244140625)",1706,1033,caption,294.983154296875
fig_0083,83,59,ch0614,Рисунок 83 - Настройка ограничения времени запуска рассылки,data\images\fig_0083.png,png,"(137.0399932861328, 257.27996826171875, 486.53997802734375, 361.4999694824219)",1457,435,caption,366.76318359375
fig_0084,84,59,ch0618,Рисунок 84 – Настройка времени окончания запусков для равномерных рассылок,data\images\fig_0084.png,png,"(113.76000213623047, 590.1599731445312, 509.1000061035156, 685.97998046875)",1648,400,caption,690.3831787109375
fig_0085,85,60,ch0624,Рисунок 85 — Настройка запрещенного времени и дней недели для рассылок,data\images\fig_0085.png,png,"(113.76000213623047, 303.3599853515625, 509.1000061035156, 416.94000244140625)",1648,474,caption,418.3631896972656
fig_0086,86,61,ch0629,"Рисунок 86 — Расширенные настройки для рассылок, начинающихся по событию или по тегу",data\images\fig_0086.png,png,"(143.75999450683594, 43.199981689453125, 480.05999755859375, 263.0999755859375)",1402,917,caption,264.47320556640625
fig_0087,87,61,ch0631,Рисунок 87 — Расширенные настройки для рассылок с фиксированной аудиторией,data\images\fig_0087.png,png,"(138.47999572753906, 334.7999572753906, 485.58001708984375, 578.699951171875)",1447,1017,caption,580.1731567382812
fig_0088,88,62,ch0642,"Рисунок 88 — Исключение клиентов, добавленных в другие рассылки",data\images\fig_0088.png,png,"(119.76000213623047, 259.67999267578125, 506.46002197265625, 344.4599914550781)",1612,354,caption,346.1031799316406
fig_0089,89,65,ch0703,Рисунок 89 — Вкладка «Целевая аудитория»,data\images\fig_0089.png,png,"(55.91999816894531, 249.3599853515625, 576.5399780273438, 384.29998779296875)",2170,563,caption,385.003173828125
fig_0090,90,69,ch0811,Рисунок 90 — Пример загрузки данных аудитории рассылки с ошибками,data\images\fig_0090.png,png,"(86.16000366210938, 563.52001953125, 536.9400024414062, 784.8599853515625)",1879,923,caption,786.4031982421875
fig_0091,91,70,ch0813,"Рисунок 91 — Файл с идентификаторами клиентов, при загрузке которых произошла ошибка",data\images\fig_0091.png,png,"(223.1999969482422, 90.0, 399.41998291015625, 220.3800048828125)",735,544,caption,221.273193359375
fig_0092,92,70,ch0815,Рисунок 92 — Файл с ошибочными значениями макросов клиентов,data\images\fig_0092.png,png,"(61.20000076293945, 309.1199951171875, 562.6199951171875, 389.3399963378906)",2090,335,caption,390.76318359375
fig_0093,93,70,ch0817,Рисунок 93 — Пример загрузки данных аудитории рассылки с ошибками в макросах,data\images\fig_0093.png,png,"(62.880001068115234, 461.03997802734375, 560.7000122070312, 696.2999877929688)",2075,981,caption,697.5831909179688
fig_0094,94,71,ch0822,Рисунок 94 — Переход к загрузке аудитории рассылки,data\images\fig_0094.png,png,"(77.04000091552734, 182.3999786376953, 546.0599975585938, 417.41998291015625)",1955,980,caption,418.6031799316406
fig_0095,95,71,ch0824,Рисунок 95 — Загрузка аудитории рассылки,data\images\fig_0095.png,png,"(155.75999450683594, 488.8800048828125, 466.8599853515625, 601.260009765625)",1297,469,caption,602.273193359375
fig_0096,96,73,ch0852,Рисунок 96 — Невозможно изменить условия начала для включенной в активном/пассивном режиме рассылки,data\images\fig_0096.png,png,"(109.19999694824219, 234.47998046875, 517.5, 382.1399841308594)",1702,616,caption,383.8031921386719
fig_0097,97,73,ch0853,Рисунок 97 — Невозможно изменить аудиторию для включенной в активном/пассивном режиме рассылки,data\images\fig_0097.png,png,"(55.91999816894531, 421.91998291015625, 576.5399780273438, 604.8599853515625)",2170,763,caption,605.8731689453125
fig_0098,98,74,ch0858,Рисунок 98 — Запуск рассылки,data\images\fig_0098.png,png,"(101.76000213623047, 43.199951171875, 521.5800170898438, 118.13995361328125)",1750,313,caption,119.01318359375
fig_0099,99,74,ch0865,Рисунок 99 — Пример рассылки,data\images\fig_0099.png,png,"(113.04000091552734, 525.1199951171875, 510.5400085449219, 771.1799926757812)",1657,1026,caption,772.003173828125
fig_0100,100,75,ch0869,Рисунок 100 — Изменения сценария рассылки без ее остановки,data\images\fig_0100.png,png,"(152.16000366210938, 259.44000244140625, 471.4200134277344, 376.1400146484375)",1331,487,caption,377.08319091796875
fig_0101,101,75,ch0874,Рисунок 101 — Отключение рассылки,data\images\fig_0101.png,png,"(177.60000610351562, 599.5199584960938, 445.260009765625, 716.699951171875)",1116,489,caption,717.503173828125
fig_0102,102,76,ch0878,Рисунок 102 — Клонирование рассылки,data\images\fig_0102.png,png,"(71.04000091552734, 43.19996643066406, 553.02001953125, 168.77996826171875)",2009,524,caption,170.1331787109375
fig_0103,103,77,ch0904,Рисунок 103 — Переход к добавлению SMS-провайдера,data\images\fig_0103.png,png,"(58.31999969482422, 113.51997375488281, 564.5399780273438, 338.9399719238281)",2110,940,caption,339.3831787109375
fig_0104,104,78,ch0914,Рисунок 104 — Ввод параметров SMS-провайдера,data\images\fig_0104.png,png,"(142.32000732421875, 43.199981689453125, 481.260009765625, 451.9800109863281)",1413,1704,caption,453.6631774902344
fig_0105,105,79,ch0930,Рисунок 105 — Выбор SMS-провайдера для рассылок,data\images\fig_0105.png,png,"(92.87999725341797, 94.08000183105469, 530.4599609375, 290.94000244140625)",1824,821,caption,291.3831787109375
fig_0106,106,79,ch0933,Рисунок 106 — Доступен новый тип блока «SMS-сообщения»,data\images\fig_0106.png,png,"(187.1999969482422, 415.199951171875, 436.1400146484375, 578.699951171875)",1038,682,caption,579.4531860351562
fig_0107,107,80,ch0938,Рисунок 107 — SMS-блок добавлен в сценарий рассылки,data\images\fig_0107.png,png,"(62.880001068115234, 43.199981689453125, 560.7000122070312, 373.5)",2075,1377,caption,374.20318603515625
fig_0108,108,80,ch0944,Рисунок 108 — Добавление объектов к SMS-блоку,data\images\fig_0108.png,png,"(173.75999450683594, 552.239990234375, 448.8599853515625, 670.1400146484375)",1147,492,caption,671.6631469726562
fig_0109,109,81,ch0960,Рисунок 109 — Переход к добавлению лендинга для SMS-блока,data\images\fig_0109.png,png,"(170.16000366210938, 430.0799865722656, 452.70001220703125, 550.8599853515625)",1178,504,caption,552.5731811523438
fig_0110,110,82,ch0968,Рисунок 110 — Ввод данных для подключения лендинга к SMS-блоку,data\images\fig_0110.png,png,"(197.75999450683594, 96.47998046875, 425.0999755859375, 401.8199768066406)",948,1273,caption,403.2431945800781
fig_0111,111,84,ch0996,Рисунок 111 — Тестовый запуск события для отправки клиенту SMS,data\images\fig_0111.png,png,"(55.91999816894531, 43.19999694824219, 576.5399780273438, 248.94000244140625)",2170,858,caption,249.59320068359375
fig_0112,112,85,ch1008,"Рисунок 112 — Рассылка, присваивающая тег клиенту при нажатии на кнопку",data\images\fig_0112.png,png,"(104.16000366210938, 43.19996643066406, 519.4200439453125, 255.89996337890625)",1731,887,caption,257.033203125
fig_0113,113,85,ch1012,Рисунок 113 — Ввод условия начала второй рассылки,data\images\fig_0113.png,png,"(135.60000610351562, 451.67999267578125, 488.2200012207031, 711.1799926757812)",1470,1082,caption,712.2232055664062
fig_0114,114,86,ch1015,Рисунок 114 — Сценарий рассылки №2 и выполняется при нажатии клиентом на кнопку из рассылки №1,data\images\fig_0114.png,png,"(55.91999816894531, 43.19996643066406, 576.5399780273438, 222.77996826171875)",2170,749,caption,224.1531982421875
fig_0115,115,86,ch1016,Рисунок 115 — Второе сообщение (рассылка №2) получено в результате установки клиенту тега в рассылке №1,data\images\fig_0115.png,png,"(207.60000610351562, 262.3199768066406, 415.9800109863281, 443.0999755859375)",869,754,caption,444.5431823730469
fig_0116,116,86,ch1019,"Рисунок 116 — Установка тега StopSpecial2021 для кнопки «Нет, передумал»",data\images\fig_0116.png,png,"(61.20000076293945, 563.760009765625, 562.3800048828125, 742.6199951171875)",2089,746,caption,743.17919921875
fig_0117,117,87,ch1022,Рисунок 117 — Ввод условия остановки рассылки при получении тега,data\images\fig_0117.png,png,"(123.5999984741211, 90.0, 500.2200012207031, 253.5)",1570,682,caption,254.3931884765625
fig_0118,118,87,ch1026,Рисунок 118 — Ввод условия остановки рассылки при снятии тега,data\images\fig_0118.png,png,"(125.04000091552734, 376.79998779296875, 498.7799987792969, 726.2999877929688)",1558,1457,caption,727.3432006835938
fig_0119,119,88,ch1033,Рисунок 119 — Просмотр тегов,data\images\fig_0119.png,png,"(55.91999816894531, 229.19998168945312, 576.5399780273438, 562.8599853515625)",2170,1391,caption,564.5731811523438
fig_0120,120,89,ch1038,Рисунок 120 — Создание тега при настройке кнопки-действия,data\images\fig_0120.png,png,"(199.1999969482422, 43.19996643066406, 423.6600036621094, 288.77996826171875)",936,1024,caption,290.18316650390625
fig_0121,121,89,ch1039,Рисунок 121 — Создание тега при настройке условий запуска рассылки,data\images\fig_0121.png,png,"(55.91999816894531, 315.5999755859375, 576.5399780273438, 535.97998046875)",2170,919,caption,536.9732055664062
fig_0122,122,90,ch1054,Рисунок 122 — Список тегов клиента в файле аудитории бота,data\images\fig_0122.png,png,"(55.91999816894531, 158.8800048828125, 576.5399780273438, 314.94000244140625)",2170,651,caption,315.8631591796875
fig_0123,123,91,ch1074,Рисунок 123 — Переход к добавлению пользовательского события,data\images\fig_0123.png,png,"(61.20000076293945, 332.87994384765625, 562.6199951171875, 542.699951171875)",2090,875,caption,543.6931762695312
fig_0124,124,92,ch1077,Рисунок 124 — Ввод аргументов события,data\images\fig_0124.png,png,"(140.8800048828125, 43.199981689453125, 482.94000244140625, 324.29998779296875)",1426,1172,caption,324.503173828125
fig_0125,125,93,ch1088,Рисунок 125 — Кнопки генерации событий в списке,data\images\fig_0125.png,png,"(58.31999969482422, 164.87998962402344, 565.739990234375, 419.5799865722656)",2115,1062,caption,420.76318359375
fig_0126,126,93,ch1089,Рисунок 126 — Кнопка генерации события на странице события,data\images\fig_0126.png,png,"(146.16000366210938, 446.15997314453125, 476.70001220703125, 765.6599731445312)",1378,1332,caption,766.7232055664062
fig_0127,127,94,ch1091,Рисунок 127 — Сгенерировано событие с идентификатором запуска (launch_result_id),data\images\fig_0127.png,png,"(185.75999450683594, 107.51997375488281, 437.0999755859375, 359.8199768066406)",1048,1052,caption,360.2831726074219
fig_0128,128,94,ch1095,Рисунок 128 — Просмотр результатов генерации события в разделе «Отладка»,data\images\fig_0128.png,png,"(89.76000213623047, 447.8399658203125, 534.2999877929688, 746.219970703125)",1853,1244,caption,747.2592163085938
fig_0129,129,95,ch1097,Рисунок 129 — Кнопки для копирования запроса в формате curl,data\images\fig_0129.png,png,"(104.87999725341797, 107.51998901367188, 517.97998046875, 411.8999938964844)",1722,1269,caption,412.8431701660156
fig_0130,130,96,ch1107,Рисунок 130 — Генерация отложенного события подтверждения номера телефона,data\images\fig_0130.png,png,"(82.31999969482422, 372.9599609375, 541.260009765625, 722.4599609375)",1913,1457,caption,723.503173828125
fig_0131,131,97,ch1120,Рисунок 131 — Генерация отложенного события ожидания подписки в мессенджере,data\images\fig_0131.png,png,"(117.5999984741211, 394.3199768066406, 505.5, 688.8599853515625)",1617,1228,caption,689.1831665039062
fig_0132,132,98,ch1126,Рисунок 132 — Генерация отложенного события ожидания подписки в мессенджере (по идентификатору клиента),data\images\fig_0132.png,png,"(112.31999969482422, 88.07997131347656, 511.260009765625, 315.65997314453125)",1663,949,caption,316.82318115234375
fig_0133,133,99,ch1134,Рисунок 133 — Отправка рассылки по номеру телефона с указанием приоритета мессенджеров,data\images\fig_0133.png,png,"(73.19999694824219, 43.199981689453125, 550.3800048828125, 433.9800109863281)",1989,1629,caption,435.6631774902344
fig_0134,134,100,ch1151,"Рисунок 134 — Рассылка, использующая два макроса",data\images\fig_0134.png,png,"(147.60000610351562, 274.55999755859375, 475.5, 407.82000732421875)",1367,556,caption,409.003173828125
fig_0135,135,103,ch1220,Рисунок 135 — Аргументы события являются макросами для рассылки,data\images\fig_0135.png,png,"(110.16000366210938, 187.67999267578125, 513.6600341796875, 468.29998779296875)",1682,1170,caption,469.023193359375
fig_0136,136,104,ch1243,"Рисунок 136 — Пример рассылки, которая генерирует 3 различных thread_id",data\images\fig_0136.png,png,"(56.15999984741211, 398.8800048828125, 567.6599731445312, 588.0599975585938)",2132,789,caption,588.8131713867188
fig_0137,137,104,ch1245,Рисунок 137 — Отображение thread_id у клиента,data\images\fig_0137.png,png,"(223.1999969482422, 647.0399780273438, 400.3800048828125, 783.8999633789062)",739,571,caption,784.4832153320312
fig_0138,138,105,ch1256,Рисунок 138 — Использование макросов при вызове внешней системы,data\images\fig_0138.png,png,"(152.16000366210938, 319.679931640625, 471.8999938964844, 707.8199462890625)",1333,1618,caption,709.1032104492188
fig_0139,139,106,ch1273,Рисунок 139 — Определение аргумента для события,data\images\fig_0139.png,png,"(139.1999969482422, 346.32000732421875, 483.41998291015625, 576.0599975585938)",1435,958,caption,576.5731811523438
fig_0140,140,107,ch1277,Рисунок 140 — Добавление формы в рассылку,data\images\fig_0140.png,png,"(188.8800048828125, 43.20001220703125, 435.17999267578125, 205.260009765625)",1027,676,caption,206.1531982421875
fig_0141,141,107,ch1279,Рисунок 141 — Форма добавлена в рассылку,data\images\fig_0141.png,png,"(179.0399932861328, 258.9599609375, 444.53997802734375, 341.0999755859375)",1107,343,caption,342.26318359375
fig_0142,142,107,ch1281,Рисунок 142 — Экран настройки формы,data\images\fig_0142.png,png,"(102.4800033569336, 412.55999755859375, 521.3399658203125, 649.02001953125)",1746,986,caption,650.273193359375
fig_0143,143,110,ch1326,Рисунок 143 — Выбор типа добавляемого вопроса,data\images\fig_0143.png,png,"(235.1999969482422, 43.199981689453125, 388.6199951171875, 270.53997802734375)",640,948,caption,272.18316650390625
fig_0144,144,111,ch1335,Рисунок 144 — Основные настройки вопроса,data\images\fig_0144.png,png,"(98.16000366210938, 43.199981689453125, 525.1799926757812, 307.98004150390625)",1780,1104,caption,309.6231689453125
fig_0145,145,111,ch1342,Рисунок 145 — Добавление медиа-контента к вопросу,data\images\fig_0145.png,png,"(104.87999725341797, 526.5599975585938, 517.97998046875, 772.8599853515625)",1722,1027,caption,773.4431762695312
fig_0146,146,112,ch1349,"Рисунок 146 — Добавление вопроса, который будет задан при выполнении определенного условия",data\images\fig_0146.png,png,"(59.7599983215332, 306.7200012207031, 562.8599853515625, 495.8999938964844)",2097,789,caption,496.6231689453125
fig_0147,147,113,ch1354,Рисунок 147 — Продолжение рассылки при успешном выходе клиента (ответе на все обязательные вопросы),data\images\fig_0147.png,png,"(120.4800033569336, 43.199951171875, 503.1000061035156, 275.5799560546875)",1595,969,caption,276.503173828125
fig_0148,148,113,ch1358,Рисунок 148 — Продолжение рассылки при выходе по таймауту,data\images\fig_0148.png,png,"(120.4800033569336, 394.32000732421875, 502.6200256347656, 612.0599975585938)",1593,908,caption,612.8331909179688
fig_0149,149,114,ch1365,Рисунок 149 — Продолжение рассылки при выходе по желанию клиента,data\images\fig_0149.png,png,"(134.16000366210938, 90.00001525878906, 489.6600036621094, 272.70001220703125)",1482,762,caption,273.8631591796875
fig_0150,150,114,ch1370,Рисунок 150 — Рассылка с переводом в канал,data\images\fig_0150.png,png,"(77.76000213623047, 531.3599853515625, 545.5800170898438, 704.9400024414062)",1950,724,caption,706.2232055664062
fig_0151,151,115,ch1378,Рисунок 151 — Основные настройки формы,data\images\fig_0151.png,png,"(114.4800033569336, 279.35992431640625, 509.3399963378906, 518.93994140625)",1646,999,caption,520.1731567382812
fig_0152,152,116,ch1383,Рисунок 152 — Настройка сообщений формы,data\images\fig_0152.png,png,"(134.8800048828125, 43.199981689453125, 487.9800109863281, 337.5)",1472,1227,caption,338.1831970214844
fig_0153,153,116,ch1386,Рисунок 153 — Настройка вызовов внешней системы из формы,data\images\fig_0153.png,png,"(137.75999450683594, 461.75994873046875, 485.58001708984375, 716.219970703125)",1450,1061,caption,717.7431640625
fig_0154,154,117,ch1399,Рисунок 154 — Использование ответа на вопрос в блоке рассылки,data\images\fig_0154.png,png,"(194.8800048828125, 319.67999267578125, 429.17999267578125, 448.8599853515625)",977,539,caption,449.58319091796875
fig_0155,155,118,ch1408,Рисунок 155 — Использование ответа на вопрос при вызове внешней системы,data\images\fig_0155.png,png,"(154.32000732421875, 43.199981689453125, 469.7400207519531, 441.8999938964844)",1315,1662,caption,443.1031799316406
fig_0156,156,119,ch1421,Рисунок 156 — Использование ответа на вопрос типа «Файл» при генерации события,data\images\fig_0156.png,png,"(154.32000732421875, 169.19996643066406, 469.260009765625, 344.9399719238281)",1313,733,caption,348.9831848144531
fig_0157,157,120,ch1429,"Рисунок 157 — Сценарий рассылки с формой, где при успешном заполнении формы генерируется событие, запускающее рассылку со следующей формой",data\images\fig_0157.png,png,"(73.68000030517578, 43.19999694824219, 571.739990234375, 270.05999755859375)",2076,946,caption,274.10321044921875
fig_0158,158,120,ch1434,Рисунок 158 — Повторный вызов формы в рамках одной рассылки,data\images\fig_0158.png,png,"(146.8800048828125, 499.91998291015625, 476.70001220703125, 711.8999633789062)",1375,884,caption,712.4631958007812
fig_0159,159,121,ch1441,Рисунок 159 — Настройка отписки от рассылок при нажатии на кнопку-действие,data\images\fig_0159.png,png,"(56.70000076293945, 244.49996948242188, 566.9500122070312, 503.6999816894531)",2127,1081,caption,504.06317138671875
fig_0160,160,122,ch1469,Рисунок 160 — Расположение виджетов на странице сайта,data\images\fig_0160.png,png,"(55.91999816894531, 568.7999877929688, 576.5399780273438, 767.0999755859375)",2170,827,caption,767.6831665039062
fig_0161,161,123,ch1474,Рисунок 161 — Переход к созданию виджета,data\images\fig_0161.png,png,"(55.91999816894531, 177.5999755859375, 576.5399780273438, 438.05999755859375)",2170,1086,caption,439.503173828125
fig_0162,162,123,ch1476,Рисунок 162 — Ввод названия виджета,data\images\fig_0162.png,png,"(194.8800048828125, 492.2400207519531, 429.17999267578125, 613.02001953125)",977,504,caption,613.3131713867188
fig_0163,163,124,ch1480,Рисунок 163 — Настройка виджета,data\images\fig_0163.png,png,"(55.91999816894531, 43.199981689453125, 576.5399780273438, 481.0199890136719)",2170,1825,caption,482.2231750488281
fig_0164,164,125,ch1489,Рисунок 164 — Выбор диплинка для передачи боту,data\images\fig_0164.png,png,"(200.16000366210938, 43.19996643066406, 423.41998291015625, 150.77996826171875)",931,449,caption,152.1331787109375
fig_0166,166,125,ch1493,Рисунок 166 — Код виджета для вставки на страницу сайта,data\images\fig_0166.png,png,"(110.87999725341797, 491.760009765625, 512.9400024414062, 776.9400024414062)",1676,1189,caption,777.76318359375
fig_0167,167,126,ch1498,Рисунок 167 — Элементы интерфейса для включения и отключения виджета в целом и для отдельных типов отображения,data\images\fig_0167.png,png,"(211.1999969482422, 220.55999755859375, 412.6199951171875, 380.4599914550781)",840,667,caption,381.8831787109375
fig_0168,168,127,ch1508,Рисунок 168 — Переход к созданию лендинга,data\images\fig_0168.png,png,"(60.47999954223633, 43.20001220703125, 563.0999755859375, 284.70001220703125)",2095,1007,caption,285.6231689453125
fig_0169,169,127,ch1510,Рисунок 169 — Ввод имени лендинга,data\images\fig_0169.png,png,"(188.8800048828125, 326.3999938964844, 434.2200012207031, 453.17999267578125)",1023,529,caption,454.8631896972656
fig_0170,170,128,ch1516,Рисунок 170 — Страница настройки лендинга,data\images\fig_0170.png,png,"(71.07499694824219, 42.549957275390625, 552.5150146484375, 349.7499694824219)",2007,1281,caption,350.20318603515625
fig_0171,171,129,ch1522,Рисунок 171 — Ввод настроек интеграции,data\images\fig_0171.png,png,"(203.75999450683594, 43.199981689453125, 420.29998779296875, 329.0999755859375)",903,1192,caption,330.503173828125
fig_0172,172,129,ch1527,Рисунок 172 — SMS-рассылка со ссылкой на лендинг,data\images\fig_0172.png,png,"(222.47999572753906, 493.1999816894531, 401.0999755859375, 664.8599853515625)",745,716,caption,666.5932006835938
fig_0173,173,130,ch1530,"Рисунок 173 — Лендинг с перечнем доступных мессенджеров, которые можно использовать для общения с ботом",data\images\fig_0173.png,png,"(205.97000122070312, 42.54997253417969, 417.6300048828125, 287.0999755859375)",883,1020,caption,287.06317138671875
fig_0174,174,130,ch1535,Рисунок 174 — Клиент подтвердил номер телефона и продолжил общение с ботом в Telegram,data\images\fig_0174.png,png,"(228.47999572753906, 471.1199645996094, 394.8599853515625, 632.219970703125)",694,672,caption,632.51318359375
fig_0175,175,131,ch1539,"Рисунок 175 — Отображение вкладки ""Журнал""",data\images\fig_0175.png,png,"(68.87999725341797, 43.20001220703125, 554.9400024414062, 244.3800048828125)",2026,839,caption,248.6331787109375
fig_0176,176,132,ch1567,Рисунок 176 — Выгрузка аудитории для выбранного бота,data\images\fig_0176.png,png,"(95.04000091552734, 490.8000183105469, 528.2999877929688, 736.1400146484375)",1806,1023,caption,737.6591796875
fig_0177,177,133,ch1589,Рисунок 177 — Выгрузка статистики рассылок для выбранного бота,data\images\fig_0177.png,png,"(111.5999984741211, 511.44000244140625, 511.5, 738.2999877929688)",1667,946,caption,738.8591918945312
fig_0178,178,134,ch1596,Рисунок 178 — Пример рассылки с 3-мя блоками для сохранения статистики,data\images\fig_0178.png,png,"(62.880001068115234, 264.7200012207031, 559.97998046875, 571.5)",2072,1279,caption,572.9732055664062
fig_0179,179,136,ch1623,Рисунок 179 — Раздел «Отладка»,data\images\fig_0179.png,png,"(61.20000076293945, 43.199951171875, 561.6599731445312, 303.89996337890625)",2086,1087,caption,305.06317138671875
fig_0180,180,136,ch1626,Рисунок 180 — Поиск события по его характеристикам,data\images\fig_0180.png,png,"(99.5999984741211, 428.8800048828125, 524.219970703125, 673.260009765625)",1770,1019,caption,674.3031616210938
fig_0181,181,139,ch1674,Рисунок 181 — Просмотр найденных событий (режим карточек),data\images\fig_0181.png,png,"(71.76000213623047, 442.5600280761719, 551.8200073242188, 754.1400146484375)",2001,1299,caption,755.4431762695312
fig_0182,182,140,ch1676,Рисунок 182 — Просмотр найденных событий (режим списка),data\images\fig_0182.png,png,"(71.76000213623047, 43.19999694824219, 552.2999877929688, 284.94000244140625)",2003,1008,caption,285.6231689453125
fig_0183,183,141,ch1696,Рисунок 183 — Общая информация о сгенерированном событии,data\images\fig_0183.png,png,"(175.1999969482422, 157.44000244140625, 447.65997314453125, 382.6199951171875)",1136,939,caption,383.08319091796875
fig_0184,184,142,ch1715,"Рисунок 184 — Пример вывода информации о рассылках в мессенджер, которые начались сразу после возникновения события",data\images\fig_0184.png,png,"(208.32000732421875, 272.3999938964844, 417.6600036621094, 543.1799926757812)",873,1129,caption,544.8931884765625
fig_0185,185,143,ch1722,"Рисунок 185 — Пример вывода информации о SMS-рассылке, которая началась сразу после возникновения события",data\images\fig_0185.png,png,"(201.60000610351562, 43.20001220703125, 422.70001220703125, 292.3800048828125)",922,1039,caption,293.06317138671875
fig_0186,186,143,ch1724,Рисунок 186 — Просмотр информации об ошибке при отправке SMS-рассылок,data\images\fig_0186.png,png,"(187.1999969482422, 393.5999755859375, 436.8599853515625, 699.6599731445312)",1041,1276,caption,700.4631958007812
fig_0187,187,144,ch1730,"Рисунок 187 — Пример вывода информации о событии, отложенном до подтверждения номера телефона",data\images\fig_0187.png,png,"(188.16000366210938, 115.43997192382812, 434.70001220703125, 288.53997802734375)",1028,722,caption,288.7431640625
fig_0188,188,144,ch1735,"Рисунок 188 — Пример вывода информации о событии, отложенном до подписки на бота в мессенджере",data\images\fig_0188.png,png,"(191.0399932861328, 480.96002197265625, 432.05999755859375, 734.9400024414062)",1005,1059,caption,736.6991577148438
fig_0189,189,145,ch1739,Рисунок 189 — Поиск рассылок по их характеристикам,data\images\fig_0189.png,png,"(55.91999816894531, 193.67999267578125, 576.5399780273438, 489.17999267578125)",2170,1232,caption,490.1431884765625
fig_0190,190,146,ch1753,Рисунок 190 — Вывод информации о найденных рассылках (режим карточек),data\images\fig_0190.png,png,"(55.91999816894531, 179.75997924804688, 576.5399780273438, 359.8199768066406)",2170,751,caption,360.523193359375
fig_0191,191,146,ch1754,Рисунок 191 — Вывод информации о найденных рассылках (режим списка),data\images\fig_0191.png,png,"(55.91999816894531, 385.91998291015625, 576.5399780273438, 553.97998046875)",2170,701,caption,554.7332153320312
fig_0192,192,147,ch1772,Рисунок 192 — Общая информация о рассылке,data\images\fig_0192.png,png,"(79.19999694824219, 301.44000244140625, 544.8599853515625, 630.2999877929688)",1941,1371,caption,630.8331909179688
fig_0193,193,148,ch1775,Рисунок 193 — Информация об ошибке при запуске SMS-рассылки,data\images\fig_0193.png,png,"(55.91999816894531, 43.19996643066406, 576.5399780273438, 192.77996826171875)",2170,624,caption,194.1531982421875
fig_0194,194,148,ch1779,Рисунок 194 — Ход выполнения рассылки для клиента,data\images\fig_0194.png,png,"(57.599998474121094, 415.9200134277344, 565.97998046875, 694.3800048828125)",2119,1161,caption,695.9031982421875
fig_0195,195,149,ch1783,Рисунок 195 — Ход выполнения SMS-рассылки,data\images\fig_0195.png,png,"(59.7599983215332, 90.47994995117188, 563.5800170898438, 355.97998046875)",2100,1107,caption,356.6831970214844
fig_0196,196,150,ch1794,Рисунок 196 — Переход в раздел «Статистика»,data\images\fig_0196.png,png,"(120.4800033569336, 43.199981689453125, 503.1000061035156, 147.41998291015625)",1595,435,caption,147.57318115234375
fig_0197,197,150,ch1799,Рисунок 197 — Переход к скачиванию результатов для выбранного графика,data\images\fig_0197.png,png,"(229.1999969482422, 314.8800048828125, 393.6600036621094, 483.9000244140625)",686,705,caption,485.1031799316406
fig_0198,198,151,ch1806,Рисунок 198 — Просмотр графиков,data\images\fig_0198.png,png,"(55.91999816894531, 43.199981689453125, 576.5399780273438, 261.41998291015625)",2170,910,caption,263.033203125
fig_0199,199,151,ch1810,Рисунок 199 — Просмотр графиков,data\images\fig_0199.png,png,"(55.91999816894531, 489.8399658203125, 576.5399780273438, 674.4599609375)",2170,770,caption,675.26318359375
fig_0200,200,152,ch1814,Рисунок 200 — Просмотр графиков,data\images\fig_0200.png,png,"(55.91999816894531, 43.199981689453125, 576.5399780273438, 222.29998779296875)",2170,747,caption,222.47320556640625
fig_0201,201,152,ch1817,Рисунок 201 — Просмотр графиков,data\images\fig_0201.png,png,"(55.91999816894531, 351.1199951171875, 576.5399780273438, 532.8599853515625)",2170,758,caption,533.3731689453125
fig_0202,202,153,ch1821,Рисунок 202 — Просмотр графиков,data\images\fig_0202.png,png,"(55.91999816894531, 43.19999694824219, 576.5399780273438, 212.94000244140625)",2170,708,caption,213.59320068359375
fig_0203,203,153,ch1824,Рисунок 203 — Просмотр графиков,data\images\fig_0203.png,png,"(55.91999816894531, 359.52001953125, 576.5399780273438, 547.260009765625)",2170,783,caption,547.773193359375
fig_0204,204,154,ch1828,Рисунок 204 — Просмотр графиков,data\images\fig_0204.png,png,"(55.91999816894531, 43.19999694824219, 576.5399780273438, 211.739990234375)",2170,703,caption,212.1531982421875
fig_0205,205,154,ch1831,Рисунок 205 — Просмотр графиков,data\images\fig_0205.png,png,"(55.91999816894531, 340.5599365234375, 576.5399780273438, 542.699951171875)",2170,843,caption,543.9331665039062
fig_0206,206,155,ch1835,Рисунок 206 — Просмотр графиков,data\images\fig_0206.png,png,"(55.91999816894531, 43.20001220703125, 576.5399780273438, 235.260009765625)",2170,801,caption,236.1531982421875
fig_0208,208,156,ch1843,Рисунок 208 — Просмотр графиков,data\images\fig_0208.png,png,"(73.19999694824219, 43.20001220703125, 550.3800048828125, 242.70001220703125)",1989,832,caption,243.59320068359375
fig_0209,209,156,ch1849,Рисунок 209 — Переход к статистике по рассылке при помощи журнала,data\images\fig_0209.png,png,"(105.5999984741211, 474.47998046875, 518.7000122070312, 666.5399780273438)",1722,801,caption,667.3131713867188
fig_0210,210,157,ch1853,Рисунок 210 — Просмотр статистики из списка рассылок,data\images\fig_0210.png,png,"(122.87999725341797, 43.20001220703125, 500.94000244140625, 218.70001220703125)",1576,732,caption,222.95318603515625
fig_0211,211,157,ch1856,Рисунок 211 — Кнопка для перехода на статистику по рассылке,data\images\fig_0211.png,png,"(124.31999969482422, 289.67999267578125, 498.5400085449219, 464.94000244140625)",1560,731,caption,469.503173828125
fig_0212,212,157,ch1858,Рисунок 212 — Просмотр графиков,data\images\fig_0212.png,png,"(227.0399932861328, 580.0799560546875, 396.05999755859375, 758.4599609375)",705,744,caption,759.523193359375
fig_0213,213,158,ch1861,Рисунок 213 — Просмотр графиков,data\images\fig_0213.png,png,"(63.599998474121094, 43.199981689453125, 559.260009765625, 327.41998291015625)",2066,1185,caption,329.06317138671875
fig_0214,214,158,ch1863,Рисунок 214 — Просмотр графиков,data\images\fig_0214.png,png,"(60.47999954223633, 399.3599853515625, 562.1400146484375, 676.6199951171875)",2091,1156,caption,677.6631469726562
fig_0215,215,159,ch1866,Рисунок 215 — Просмотр графиков,data\images\fig_0215.png,png,"(123.5999984741211, 43.199981689453125, 500.2200012207031, 274.8599853515625)",1570,966,caption,276.503173828125
fig_0216,216,175,ch2150,Рисунок 216 — Ввод параметров для SMS-провайдера «СМС услуги»,data\images\fig_0216.png,png,"(147.60000610351562, 207.1199951171875, 475.9800109863281, 603.1799926757812)",1369,1651,caption,603.9531860351562
fig_0217,217,176,ch2153,Рисунок 217 — Раздел «API» личного кабинета на сервисе «СМС услуги»,data\images\fig_0217.png,png,"(215.75999450683594, 43.199951171875, 408.05999755859375, 587.5799560546875)",802,2269,caption,588.5731811523438
fig_0218,218,176,ch2155,"Рисунок 218 — Подраздел «Рассылка сообщений», в котором генерируется токен",data\images\fig_0218.png,png,"(55.91999816894531, 641.52001953125, 576.5399780273438, 739.739990234375)",2170,410,caption,741.2592163085938
fig_0219,219,177,ch2158,Рисунок 219 — Настройка имени отправителя,data\images\fig_0219.png,png,"(103.19999694824219, 43.199981689453125, 520.8599853515625, 229.97998046875)",1741,779,caption,231.59320068359375
fig_0220,220,178,ch2171,Рисунок 220 — api-токен в личном кабинете SMS.ru,data\images\fig_0220.png,png,"(61.20000076293945, 265.20001220703125, 562.8599853515625, 507.9000244140625)",2091,1012,caption,509.10321044921875
